model_tag,method,tier,family,metric,mean,ci_low,ci_high,n
mistral7b_v03,conflict_audit,tier1,citation_vs_informativeness,PAIRED_RETENTION,0.736,0.696,0.774,500
mistral7b_v03,conflict_audit,tier1,citation_vs_informativeness,PAIRED_POR_C,0.5,0.5,0.5,368
mistral7b_v03,conflict_audit,tier1,citation_vs_informativeness,PAIRED_HHR,1.0,1.0,1.0,368
mistral7b_v03,conflict_audit,tier1,citation_vs_informativeness,PAIRED_RSR,0.0,0.0,0.0,368
mistral7b_v03,conflict_audit,tier1,completeness_vs_concision,PAIRED_RETENTION,0.462,0.418,0.506,500
mistral7b_v03,conflict_audit,tier1,completeness_vs_concision,PAIRED_POR_C,0.5,0.5,0.5,231
mistral7b_v03,conflict_audit,tier1,completeness_vs_concision,PAIRED_HHR,1.0,1.0,1.0,231
mistral7b_v03,conflict_audit,tier1,completeness_vs_concision,PAIRED_RSR,0.0,0.0,0.0,231
mistral7b_v03,conflict_audit,tier1,correctness_vs_fluency,PAIRED_RETENTION,0.108,0.082,0.136,500
mistral7b_v03,conflict_audit,tier1,correctness_vs_fluency,PAIRED_POR_C,0.5,0.5,0.5,54
mistral7b_v03,conflict_audit,tier1,correctness_vs_fluency,PAIRED_HHR,1.0,1.0,1.0,54
mistral7b_v03,conflict_audit,tier1,correctness_vs_fluency,PAIRED_RSR,0.0,0.0,0.0,54
mistral7b_v03,conflict_audit,tier1,evidence_vs_confidence,PAIRED_RETENTION,0.004,0.0,0.01,500
mistral7b_v03,conflict_audit,tier1,evidence_vs_confidence,PAIRED_POR_C,0.5,0.5,0.5,2
mistral7b_v03,conflict_audit,tier1,evidence_vs_confidence,PAIRED_HHR,1.0,1.0,1.0,2
mistral7b_v03,conflict_audit,tier1,evidence_vs_confidence,PAIRED_RSR,0.0,0.0,0.0,2
mistral7b_v03,conflict_audit,tier1,safety_vs_helpfulness,PAIRED_RETENTION,1.0,1.0,1.0,500
mistral7b_v03,conflict_audit,tier1,safety_vs_helpfulness,PAIRED_POR_C,0.5,0.5,0.5,500
mistral7b_v03,conflict_audit,tier1,safety_vs_helpfulness,PAIRED_HHR,1.0,1.0,1.0,500
mistral7b_v03,conflict_audit,tier1,safety_vs_helpfulness,PAIRED_RSR,0.0,0.0,0.0,500
mistral7b_v03,conflict_audit,tier1,substance_vs_format,PAIRED_RETENTION,0.814,0.78,0.848,500
mistral7b_v03,conflict_audit,tier1,substance_vs_format,PAIRED_POR_C,0.5,0.5,0.5,407
mistral7b_v03,conflict_audit,tier1,substance_vs_format,PAIRED_HHR,1.0,1.0,1.0,407
mistral7b_v03,conflict_audit,tier1,substance_vs_format,PAIRED_RSR,0.0,0.0,0.0,407
mistral7b_v03,conflict_audit,tier2_llmbar,instruction_following_vs_surface_quality,PAIRED_RETENTION,0.3025,0.2575,0.3475,400
mistral7b_v03,conflict_audit,tier2_llmbar,instruction_following_vs_surface_quality,PAIRED_POR_C,0.5,0.5,0.5,121
mistral7b_v03,conflict_audit,tier2_llmbar,instruction_following_vs_surface_quality,PAIRED_HHR,1.0,1.0,1.0,121
mistral7b_v03,conflict_audit,tier2_llmbar,instruction_following_vs_surface_quality,PAIRED_RSR,0.0,0.0,0.0,121
mistral7b_v03,context_forward,tier1,citation_vs_informativeness,PAIRED_RETENTION,0.0,0.0,0.0,250
mistral7b_v03,context_forward,tier1,citation_vs_informativeness,PAIRED_POR_C,,,,0
mistral7b_v03,context_forward,tier1,citation_vs_informativeness,PAIRED_HHR,,,,0
mistral7b_v03,context_forward,tier1,citation_vs_informativeness,PAIRED_RSR,,,,0
mistral7b_v03,context_forward,tier1,completeness_vs_concision,PAIRED_RETENTION,0.0,0.0,0.0,250
mistral7b_v03,context_forward,tier1,completeness_vs_concision,PAIRED_POR_C,,,,0
mistral7b_v03,context_forward,tier1,completeness_vs_concision,PAIRED_HHR,,,,0
mistral7b_v03,context_forward,tier1,completeness_vs_concision,PAIRED_RSR,,,,0
mistral7b_v03,context_forward,tier1,correctness_vs_fluency,PAIRED_RETENTION,0.056,0.031900000000000095,0.084,250
mistral7b_v03,context_forward,tier1,correctness_vs_fluency,PAIRED_POR_C,0.5,0.5,0.5,14
mistral7b_v03,context_forward,tier1,correctness_vs_fluency,PAIRED_HHR,1.0,1.0,1.0,14
mistral7b_v03,context_forward,tier1,correctness_vs_fluency,PAIRED_RSR,0.0,0.0,0.0,14
mistral7b_v03,context_forward,tier1,evidence_vs_confidence,PAIRED_RETENTION,0.004,0.0,0.012,250
mistral7b_v03,context_forward,tier1,evidence_vs_confidence,PAIRED_POR_C,0.5,0.5,0.5,1
mistral7b_v03,context_forward,tier1,evidence_vs_confidence,PAIRED_HHR,1.0,1.0,1.0,1
mistral7b_v03,context_forward,tier1,evidence_vs_confidence,PAIRED_RSR,0.0,0.0,0.0,1
mistral7b_v03,context_forward,tier1,safety_vs_helpfulness,PAIRED_RETENTION,1.0,1.0,1.0,250
mistral7b_v03,context_forward,tier1,safety_vs_helpfulness,PAIRED_POR_C,0.5,0.5,0.5,250
mistral7b_v03,context_forward,tier1,safety_vs_helpfulness,PAIRED_HHR,1.0,1.0,1.0,250
mistral7b_v03,context_forward,tier1,safety_vs_helpfulness,PAIRED_RSR,0.0,0.0,0.0,250
mistral7b_v03,context_forward,tier1,substance_vs_format,PAIRED_RETENTION,0.452,0.392,0.516,250
mistral7b_v03,context_forward,tier1,substance_vs_format,PAIRED_POR_C,0.5,0.5,0.5,113
mistral7b_v03,context_forward,tier1,substance_vs_format,PAIRED_HHR,1.0,1.0,1.0,113
mistral7b_v03,context_forward,tier1,substance_vs_format,PAIRED_RSR,0.0,0.0,0.0,113
mistral7b_v03,context_forward,tier2_llmbar,instruction_following_vs_surface_quality,PAIRED_RETENTION,0.33,0.265,0.395,200
mistral7b_v03,context_forward,tier2_llmbar,instruction_following_vs_surface_quality,PAIRED_POR_C,0.5075757575757576,0.5,0.5227272727272727,66
mistral7b_v03,context_forward,tier2_llmbar,instruction_following_vs_surface_quality,PAIRED_HHR,0.9848484848484849,0.9545454545454546,1.0,66
mistral7b_v03,context_forward,tier2_llmbar,instruction_following_vs_surface_quality,PAIRED_RSR,0.015151515151515152,0.0,0.045454545454545456,66
mistral7b_v03,decomposed,tier1,citation_vs_informativeness,PAIRED_RETENTION,0.0,0.0,0.0,250
mistral7b_v03,decomposed,tier1,citation_vs_informativeness,PAIRED_POR_C,,,,0
mistral7b_v03,decomposed,tier1,citation_vs_informativeness,PAIRED_HHR,,,,0
mistral7b_v03,decomposed,tier1,citation_vs_informativeness,PAIRED_RSR,,,,0
mistral7b_v03,decomposed,tier1,completeness_vs_concision,PAIRED_RETENTION,0.0,0.0,0.0,250
mistral7b_v03,decomposed,tier1,completeness_vs_concision,PAIRED_POR_C,,,,0
mistral7b_v03,decomposed,tier1,completeness_vs_concision,PAIRED_HHR,,,,0
mistral7b_v03,decomposed,tier1,completeness_vs_concision,PAIRED_RSR,,,,0
mistral7b_v03,decomposed,tier1,correctness_vs_fluency,PAIRED_RETENTION,0.056,0.031900000000000095,0.084,250
mistral7b_v03,decomposed,tier1,correctness_vs_fluency,PAIRED_POR_C,0.5,0.5,0.5,14
mistral7b_v03,decomposed,tier1,correctness_vs_fluency,PAIRED_HHR,1.0,1.0,1.0,14
mistral7b_v03,decomposed,tier1,correctness_vs_fluency,PAIRED_RSR,0.0,0.0,0.0,14
mistral7b_v03,decomposed,tier1,evidence_vs_confidence,PAIRED_RETENTION,0.004,0.0,0.012,250
mistral7b_v03,decomposed,tier1,evidence_vs_confidence,PAIRED_POR_C,0.5,0.5,0.5,1
mistral7b_v03,decomposed,tier1,evidence_vs_confidence,PAIRED_HHR,1.0,1.0,1.0,1
mistral7b_v03,decomposed,tier1,evidence_vs_confidence,PAIRED_RSR,0.0,0.0,0.0,1
mistral7b_v03,decomposed,tier1,safety_vs_helpfulness,PAIRED_RETENTION,1.0,1.0,1.0,250
mistral7b_v03,decomposed,tier1,safety_vs_helpfulness,PAIRED_POR_C,0.5,0.5,0.5,250
mistral7b_v03,decomposed,tier1,safety_vs_helpfulness,PAIRED_HHR,1.0,1.0,1.0,250
mistral7b_v03,decomposed,tier1,safety_vs_helpfulness,PAIRED_RSR,0.0,0.0,0.0,250
mistral7b_v03,decomposed,tier1,substance_vs_format,PAIRED_RETENTION,0.452,0.392,0.516,250
mistral7b_v03,decomposed,tier1,substance_vs_format,PAIRED_POR_C,0.5,0.5,0.5,113
mistral7b_v03,decomposed,tier1,substance_vs_format,PAIRED_HHR,1.0,1.0,1.0,113
mistral7b_v03,decomposed,tier1,substance_vs_format,PAIRED_RSR,0.0,0.0,0.0,113
mistral7b_v03,decomposed,tier2_llmbar,instruction_following_vs_surface_quality,PAIRED_RETENTION,0.33,0.265,0.395,200
mistral7b_v03,decomposed,tier2_llmbar,instruction_following_vs_surface_quality,PAIRED_POR_C,0.5075757575757576,0.5,0.5227272727272727,66
mistral7b_v03,decomposed,tier2_llmbar,instruction_following_vs_surface_quality,PAIRED_HHR,0.9848484848484849,0.9545454545454546,1.0,66
mistral7b_v03,decomposed,tier2_llmbar,instruction_following_vs_surface_quality,PAIRED_RSR,0.015151515151515152,0.0,0.045454545454545456,66
mistral7b_v03,direct,tier1,citation_vs_informativeness,PAIRED_RETENTION,0.53,0.486,0.572,500
mistral7b_v03,direct,tier1,citation_vs_informativeness,PAIRED_POR_C,0.5,0.5,0.5,265
mistral7b_v03,direct,tier1,citation_vs_informativeness,PAIRED_HHR,1.0,1.0,1.0,265
mistral7b_v03,direct,tier1,citation_vs_informativeness,PAIRED_RSR,0.0,0.0,0.0,265
mistral7b_v03,direct,tier1,completeness_vs_concision,PAIRED_RETENTION,0.016,0.006,0.028,500
mistral7b_v03,direct,tier1,completeness_vs_concision,PAIRED_POR_C,0.5,0.5,0.5,8
mistral7b_v03,direct,tier1,completeness_vs_concision,PAIRED_HHR,1.0,1.0,1.0,8
mistral7b_v03,direct,tier1,completeness_vs_concision,PAIRED_RSR,0.0,0.0,0.0,8
mistral7b_v03,direct,tier1,correctness_vs_fluency,PAIRED_RETENTION,0.286,0.246,0.326,500
mistral7b_v03,direct,tier1,correctness_vs_fluency,PAIRED_POR_C,0.5,0.5,0.5,143
mistral7b_v03,direct,tier1,correctness_vs_fluency,PAIRED_HHR,1.0,1.0,1.0,143
mistral7b_v03,direct,tier1,correctness_vs_fluency,PAIRED_RSR,0.0,0.0,0.0,143
mistral7b_v03,direct,tier1,evidence_vs_confidence,PAIRED_RETENTION,0.004,0.0,0.01,500
mistral7b_v03,direct,tier1,evidence_vs_confidence,PAIRED_POR_C,0.5,0.5,0.5,2
mistral7b_v03,direct,tier1,evidence_vs_confidence,PAIRED_HHR,1.0,1.0,1.0,2
mistral7b_v03,direct,tier1,evidence_vs_confidence,PAIRED_RSR,0.0,0.0,0.0,2
mistral7b_v03,direct,tier1,safety_vs_helpfulness,PAIRED_RETENTION,1.0,1.0,1.0,500
mistral7b_v03,direct,tier1,safety_vs_helpfulness,PAIRED_POR_C,0.5,0.5,0.5,500
mistral7b_v03,direct,tier1,safety_vs_helpfulness,PAIRED_HHR,1.0,1.0,1.0,500
mistral7b_v03,direct,tier1,safety_vs_helpfulness,PAIRED_RSR,0.0,0.0,0.0,500
mistral7b_v03,direct,tier1,substance_vs_format,PAIRED_RETENTION,0.97,0.954,0.984,500
mistral7b_v03,direct,tier1,substance_vs_format,PAIRED_POR_C,0.5,0.5,0.5,485
mistral7b_v03,direct,tier1,substance_vs_format,PAIRED_HHR,1.0,1.0,1.0,485
mistral7b_v03,direct,tier1,substance_vs_format,PAIRED_RSR,0.0,0.0,0.0,485
mistral7b_v03,direct,tier2_llmbar,instruction_following_vs_surface_quality,PAIRED_RETENTION,0.2425,0.2025,0.285,400
mistral7b_v03,direct,tier2_llmbar,instruction_following_vs_surface_quality,PAIRED_POR_C,0.5103092783505154,0.5,0.5257731958762887,97
mistral7b_v03,direct,tier2_llmbar,instruction_following_vs_surface_quality,PAIRED_HHR,0.979381443298969,0.9484536082474226,1.0,97
mistral7b_v03,direct,tier2_llmbar,instruction_following_vs_surface_quality,PAIRED_RSR,0.020618556701030927,0.0,0.05154639175257732,97
mistral7b_v03,locked,tier1,citation_vs_informativeness,PAIRED_RETENTION,0.16,0.128,0.194,500
mistral7b_v03,locked,tier1,citation_vs_informativeness,PAIRED_POR_C,0.5,0.5,0.5,80
mistral7b_v03,locked,tier1,citation_vs_informativeness,PAIRED_HHR,1.0,1.0,1.0,80
mistral7b_v03,locked,tier1,citation_vs_informativeness,PAIRED_RSR,0.0,0.0,0.0,80
mistral7b_v03,locked,tier1,completeness_vs_concision,PAIRED_RETENTION,0.108,0.082,0.136,500
mistral7b_v03,locked,tier1,completeness_vs_concision,PAIRED_POR_C,0.5,0.5,0.5,54
mistral7b_v03,locked,tier1,completeness_vs_concision,PAIRED_HHR,1.0,1.0,1.0,54
mistral7b_v03,locked,tier1,completeness_vs_concision,PAIRED_RSR,0.0,0.0,0.0,54
mistral7b_v03,locked,tier1,correctness_vs_fluency,PAIRED_RETENTION,0.182,0.148,0.216,500
mistral7b_v03,locked,tier1,correctness_vs_fluency,PAIRED_POR_C,0.5,0.5,0.5,91
mistral7b_v03,locked,tier1,correctness_vs_fluency,PAIRED_HHR,1.0,1.0,1.0,91
mistral7b_v03,locked,tier1,correctness_vs_fluency,PAIRED_RSR,0.0,0.0,0.0,91
mistral7b_v03,locked,tier1,evidence_vs_confidence,PAIRED_RETENTION,0.002,0.0,0.006,500
mistral7b_v03,locked,tier1,evidence_vs_confidence,PAIRED_POR_C,0.5,0.5,0.5,1
mistral7b_v03,locked,tier1,evidence_vs_confidence,PAIRED_HHR,1.0,1.0,1.0,1
mistral7b_v03,locked,tier1,evidence_vs_confidence,PAIRED_RSR,0.0,0.0,0.0,1
mistral7b_v03,locked,tier1,safety_vs_helpfulness,PAIRED_RETENTION,1.0,1.0,1.0,500
mistral7b_v03,locked,tier1,safety_vs_helpfulness,PAIRED_POR_C,0.5,0.5,0.5,500
mistral7b_v03,locked,tier1,safety_vs_helpfulness,PAIRED_HHR,1.0,1.0,1.0,500
mistral7b_v03,locked,tier1,safety_vs_helpfulness,PAIRED_RSR,0.0,0.0,0.0,500
mistral7b_v03,locked,tier1,substance_vs_format,PAIRED_RETENTION,0.694,0.654,0.734,500
mistral7b_v03,locked,tier1,substance_vs_format,PAIRED_POR_C,0.5,0.5,0.5,347
mistral7b_v03,locked,tier1,substance_vs_format,PAIRED_HHR,1.0,1.0,1.0,347
mistral7b_v03,locked,tier1,substance_vs_format,PAIRED_RSR,0.0,0.0,0.0,347
mistral7b_v03,locked,tier2_llmbar,instruction_following_vs_surface_quality,PAIRED_RETENTION,0.215,0.175,0.255,400
mistral7b_v03,locked,tier2_llmbar,instruction_following_vs_surface_quality,PAIRED_POR_C,0.4941860465116279,0.47674418604651164,0.5116279069767442,86
mistral7b_v03,locked,tier2_llmbar,instruction_following_vs_surface_quality,PAIRED_HHR,0.9651162790697675,0.9186046511627907,1.0,86
mistral7b_v03,locked,tier2_llmbar,instruction_following_vs_surface_quality,PAIRED_RSR,0.011627906976744186,0.0,0.03488372093023256,86
qwen25_3b,conflict_audit,tier1,citation_vs_informativeness,PAIRED_RETENTION,0.078,0.056,0.102,500
qwen25_3b,conflict_audit,tier1,citation_vs_informativeness,PAIRED_POR_C,0.5,0.5,0.5,39
qwen25_3b,conflict_audit,tier1,citation_vs_informativeness,PAIRED_HHR,1.0,1.0,1.0,39
qwen25_3b,conflict_audit,tier1,citation_vs_informativeness,PAIRED_RSR,0.0,0.0,0.0,39
qwen25_3b,conflict_audit,tier1,completeness_vs_concision,PAIRED_RETENTION,0.996,0.99,1.0,500
qwen25_3b,conflict_audit,tier1,completeness_vs_concision,PAIRED_POR_C,0.5,0.5,0.5,498
qwen25_3b,conflict_audit,tier1,completeness_vs_concision,PAIRED_HHR,1.0,1.0,1.0,498
qwen25_3b,conflict_audit,tier1,completeness_vs_concision,PAIRED_RSR,0.0,0.0,0.0,498
qwen25_3b,conflict_audit,tier1,correctness_vs_fluency,PAIRED_RETENTION,0.188,0.154,0.224,500
qwen25_3b,conflict_audit,tier1,correctness_vs_fluency,PAIRED_POR_C,0.5,0.5,0.5,94
qwen25_3b,conflict_audit,tier1,correctness_vs_fluency,PAIRED_HHR,1.0,1.0,1.0,94
qwen25_3b,conflict_audit,tier1,correctness_vs_fluency,PAIRED_RSR,0.0,0.0,0.0,94
qwen25_3b,conflict_audit,tier1,evidence_vs_confidence,PAIRED_RETENTION,0.772,0.736,0.808,500
qwen25_3b,conflict_audit,tier1,evidence_vs_confidence,PAIRED_POR_C,0.5,0.5,0.5,386
qwen25_3b,conflict_audit,tier1,evidence_vs_confidence,PAIRED_HHR,1.0,1.0,1.0,386
qwen25_3b,conflict_audit,tier1,evidence_vs_confidence,PAIRED_RSR,0.0,0.0,0.0,386
qwen25_3b,conflict_audit,tier1,safety_vs_helpfulness,PAIRED_RETENTION,1.0,1.0,1.0,500
qwen25_3b,conflict_audit,tier1,safety_vs_helpfulness,PAIRED_POR_C,0.5,0.5,0.5,500
qwen25_3b,conflict_audit,tier1,safety_vs_helpfulness,PAIRED_HHR,1.0,1.0,1.0,500
qwen25_3b,conflict_audit,tier1,safety_vs_helpfulness,PAIRED_RSR,0.0,0.0,0.0,500
qwen25_3b,conflict_audit,tier1,substance_vs_format,PAIRED_RETENTION,0.226,0.19,0.262,500
qwen25_3b,conflict_audit,tier1,substance_vs_format,PAIRED_POR_C,0.5,0.5,0.5,113
qwen25_3b,conflict_audit,tier1,substance_vs_format,PAIRED_HHR,1.0,1.0,1.0,113
qwen25_3b,conflict_audit,tier1,substance_vs_format,PAIRED_RSR,0.0,0.0,0.0,113
qwen25_3b,conflict_audit,tier2_llmbar,instruction_following_vs_surface_quality,PAIRED_RETENTION,0.29,0.245,0.335,400
qwen25_3b,conflict_audit,tier2_llmbar,instruction_following_vs_surface_quality,PAIRED_POR_C,0.5,0.5,0.5,116
qwen25_3b,conflict_audit,tier2_llmbar,instruction_following_vs_surface_quality,PAIRED_HHR,1.0,1.0,1.0,116
qwen25_3b,conflict_audit,tier2_llmbar,instruction_following_vs_surface_quality,PAIRED_RSR,0.0,0.0,0.0,116
qwen25_3b,context_forward,tier1,citation_vs_informativeness,PAIRED_RETENTION,0.732,0.676,0.784,250
qwen25_3b,context_forward,tier1,citation_vs_informativeness,PAIRED_POR_C,0.5,0.5,0.5,183
qwen25_3b,context_forward,tier1,citation_vs_informativeness,PAIRED_HHR,1.0,1.0,1.0,183
qwen25_3b,context_forward,tier1,citation_vs_informativeness,PAIRED_RSR,0.0,0.0,0.0,183
qwen25_3b,context_forward,tier1,completeness_vs_concision,PAIRED_RETENTION,1.0,1.0,1.0,250
qwen25_3b,context_forward,tier1,completeness_vs_concision,PAIRED_POR_C,0.5,0.5,0.5,250
qwen25_3b,context_forward,tier1,completeness_vs_concision,PAIRED_HHR,1.0,1.0,1.0,250
qwen25_3b,context_forward,tier1,completeness_vs_concision,PAIRED_RSR,0.0,0.0,0.0,250
qwen25_3b,context_forward,tier1,correctness_vs_fluency,PAIRED_RETENTION,0.524,0.464,0.588,250
qwen25_3b,context_forward,tier1,correctness_vs_fluency,PAIRED_POR_C,0.5,0.5,0.5,131
qwen25_3b,context_forward,tier1,correctness_vs_fluency,PAIRED_HHR,1.0,1.0,1.0,131
qwen25_3b,context_forward,tier1,correctness_vs_fluency,PAIRED_RSR,0.0,0.0,0.0,131
qwen25_3b,context_forward,tier1,evidence_vs_confidence,PAIRED_RETENTION,0.86,0.816,0.9,250
qwen25_3b,context_forward,tier1,evidence_vs_confidence,PAIRED_POR_C,0.5,0.5,0.5,215
qwen25_3b,context_forward,tier1,evidence_vs_confidence,PAIRED_HHR,1.0,1.0,1.0,215
qwen25_3b,context_forward,tier1,evidence_vs_confidence,PAIRED_RSR,0.0,0.0,0.0,215
qwen25_3b,context_forward,tier1,safety_vs_helpfulness,PAIRED_RETENTION,1.0,1.0,1.0,250
qwen25_3b,context_forward,tier1,safety_vs_helpfulness,PAIRED_POR_C,0.5,0.5,0.5,250
qwen25_3b,context_forward,tier1,safety_vs_helpfulness,PAIRED_HHR,1.0,1.0,1.0,250
qwen25_3b,context_forward,tier1,safety_vs_helpfulness,PAIRED_RSR,0.0,0.0,0.0,250
qwen25_3b,context_forward,tier1,substance_vs_format,PAIRED_RETENTION,0.928,0.896,0.956,250
qwen25_3b,context_forward,tier1,substance_vs_format,PAIRED_POR_C,0.5,0.5,0.5,232
qwen25_3b,context_forward,tier1,substance_vs_format,PAIRED_HHR,1.0,1.0,1.0,232
qwen25_3b,context_forward,tier1,substance_vs_format,PAIRED_RSR,0.0,0.0,0.0,232
qwen25_3b,context_forward,tier2_llmbar,instruction_following_vs_surface_quality,PAIRED_RETENTION,0.26,0.2,0.32,200
qwen25_3b,context_forward,tier2_llmbar,instruction_following_vs_surface_quality,PAIRED_POR_C,0.5,0.5,0.5,52
qwen25_3b,context_forward,tier2_llmbar,instruction_following_vs_surface_quality,PAIRED_HHR,1.0,1.0,1.0,52
qwen25_3b,context_forward,tier2_llmbar,instruction_following_vs_surface_quality,PAIRED_RSR,0.0,0.0,0.0,52
qwen25_3b,decomposed,tier1,citation_vs_informativeness,PAIRED_RETENTION,0.0,0.0,0.0,250
qwen25_3b,decomposed,tier1,citation_vs_informativeness,PAIRED_POR_C,,,,0
qwen25_3b,decomposed,tier1,citation_vs_informativeness,PAIRED_HHR,,,,0
qwen25_3b,decomposed,tier1,citation_vs_informativeness,PAIRED_RSR,,,,0
qwen25_3b,decomposed,tier1,completeness_vs_concision,PAIRED_RETENTION,0.036,0.016,0.06,250
qwen25_3b,decomposed,tier1,completeness_vs_concision,PAIRED_POR_C,0.5,0.5,0.5,9
qwen25_3b,decomposed,tier1,completeness_vs_concision,PAIRED_HHR,1.0,1.0,1.0,9
qwen25_3b,decomposed,tier1,completeness_vs_concision,PAIRED_RSR,0.0,0.0,0.0,9
qwen25_3b,decomposed,tier1,correctness_vs_fluency,PAIRED_RETENTION,0.34,0.28,0.4,250
qwen25_3b,decomposed,tier1,correctness_vs_fluency,PAIRED_POR_C,0.5529411764705883,0.5235294117647059,0.5882352941176471,85
qwen25_3b,decomposed,tier1,correctness_vs_fluency,PAIRED_HHR,0.8941176470588236,0.8235294117647058,0.9529411764705882,85
qwen25_3b,decomposed,tier1,correctness_vs_fluency,PAIRED_RSR,0.10588235294117647,0.047058823529411764,0.17647058823529413,85
qwen25_3b,decomposed,tier1,evidence_vs_confidence,PAIRED_RETENTION,0.856,0.808,0.896,250
qwen25_3b,decomposed,tier1,evidence_vs_confidence,PAIRED_POR_C,0.5,0.5,0.5,214
qwen25_3b,decomposed,tier1,evidence_vs_confidence,PAIRED_HHR,1.0,1.0,1.0,214
qwen25_3b,decomposed,tier1,evidence_vs_confidence,PAIRED_RSR,0.0,0.0,0.0,214
qwen25_3b,decomposed,tier1,safety_vs_helpfulness,PAIRED_RETENTION,1.0,1.0,1.0,250
qwen25_3b,decomposed,tier1,safety_vs_helpfulness,PAIRED_POR_C,0.5,0.5,0.5,250
qwen25_3b,decomposed,tier1,safety_vs_helpfulness,PAIRED_HHR,1.0,1.0,1.0,250
qwen25_3b,decomposed,tier1,safety_vs_helpfulness,PAIRED_RSR,0.0,0.0,0.0,250
qwen25_3b,decomposed,tier1,substance_vs_format,PAIRED_RETENTION,0.892,0.852,0.928,250
qwen25_3b,decomposed,tier1,substance_vs_format,PAIRED_POR_C,0.5044843049327354,0.5,0.5112107623318386,223
qwen25_3b,decomposed,tier1,substance_vs_format,PAIRED_HHR,0.9910313901345291,0.9775784753363229,1.0,223
qwen25_3b,decomposed,tier1,substance_vs_format,PAIRED_RSR,0.008968609865470852,0.0,0.02242152466367713,223
qwen25_3b,decomposed,tier2_llmbar,instruction_following_vs_surface_quality,PAIRED_RETENTION,0.2,0.145,0.26,200
qwen25_3b,decomposed,tier2_llmbar,instruction_following_vs_surface_quality,PAIRED_POR_C,0.5,0.5,0.5,40
qwen25_3b,decomposed,tier2_llmbar,instruction_following_vs_surface_quality,PAIRED_HHR,1.0,1.0,1.0,40
qwen25_3b,decomposed,tier2_llmbar,instruction_following_vs_surface_quality,PAIRED_RSR,0.0,0.0,0.0,40
qwen25_3b,direct,tier1,citation_vs_informativeness,PAIRED_RETENTION,0.0,0.0,0.0,500
qwen25_3b,direct,tier1,citation_vs_informativeness,PAIRED_POR_C,,,,0
qwen25_3b,direct,tier1,citation_vs_informativeness,PAIRED_HHR,,,,0
qwen25_3b,direct,tier1,citation_vs_informativeness,PAIRED_RSR,,,,0
qwen25_3b,direct,tier1,completeness_vs_concision,PAIRED_RETENTION,0.844,0.81,0.874,500
qwen25_3b,direct,tier1,completeness_vs_concision,PAIRED_POR_C,0.5,0.5,0.5,422
qwen25_3b,direct,tier1,completeness_vs_concision,PAIRED_HHR,1.0,1.0,1.0,422
qwen25_3b,direct,tier1,completeness_vs_concision,PAIRED_RSR,0.0,0.0,0.0,422
qwen25_3b,direct,tier1,correctness_vs_fluency,PAIRED_RETENTION,0.238,0.202,0.276,500
qwen25_3b,direct,tier1,correctness_vs_fluency,PAIRED_POR_C,0.5462184873949579,0.5210084033613446,0.5756302521008403,119
qwen25_3b,direct,tier1,correctness_vs_fluency,PAIRED_HHR,0.907563025210084,0.8487394957983193,0.957983193277311,119
qwen25_3b,direct,tier1,correctness_vs_fluency,PAIRED_RSR,0.09243697478991597,0.04201680672268908,0.15126050420168066,119
qwen25_3b,direct,tier1,evidence_vs_confidence,PAIRED_RETENTION,0.87,0.84,0.898,500
qwen25_3b,direct,tier1,evidence_vs_confidence,PAIRED_POR_C,0.5,0.5,0.5,435
qwen25_3b,direct,tier1,evidence_vs_confidence,PAIRED_HHR,1.0,1.0,1.0,435
qwen25_3b,direct,tier1,evidence_vs_confidence,PAIRED_RSR,0.0,0.0,0.0,435
qwen25_3b,direct,tier1,safety_vs_helpfulness,PAIRED_RETENTION,1.0,1.0,1.0,500
qwen25_3b,direct,tier1,safety_vs_helpfulness,PAIRED_POR_C,0.5,0.5,0.5,500
qwen25_3b,direct,tier1,safety_vs_helpfulness,PAIRED_HHR,1.0,1.0,1.0,500
qwen25_3b,direct,tier1,safety_vs_helpfulness,PAIRED_RSR,0.0,0.0,0.0,500
qwen25_3b,direct,tier1,substance_vs_format,PAIRED_RETENTION,0.692,0.652,0.732,500
qwen25_3b,direct,tier1,substance_vs_format,PAIRED_POR_C,0.5,0.5,0.5,346
qwen25_3b,direct,tier1,substance_vs_format,PAIRED_HHR,1.0,1.0,1.0,346
qwen25_3b,direct,tier1,substance_vs_format,PAIRED_RSR,0.0,0.0,0.0,346
qwen25_3b,direct,tier2_llmbar,instruction_following_vs_surface_quality,PAIRED_RETENTION,0.235,0.195,0.2775,400
qwen25_3b,direct,tier2_llmbar,instruction_following_vs_surface_quality,PAIRED_POR_C,0.48936170212765956,0.4734042553191489,0.5,94
qwen25_3b,direct,tier2_llmbar,instruction_following_vs_surface_quality,PAIRED_HHR,0.9787234042553191,0.9468085106382979,1.0,94
qwen25_3b,direct,tier2_llmbar,instruction_following_vs_surface_quality,PAIRED_RSR,0.0,0.0,0.0,94
qwen25_3b,locked,tier1,citation_vs_informativeness,PAIRED_RETENTION,0.47,0.428,0.514,500
qwen25_3b,locked,tier1,citation_vs_informativeness,PAIRED_POR_C,0.5,0.5,0.5,235
qwen25_3b,locked,tier1,citation_vs_informativeness,PAIRED_HHR,1.0,1.0,1.0,235
qwen25_3b,locked,tier1,citation_vs_informativeness,PAIRED_RSR,0.0,0.0,0.0,235
qwen25_3b,locked,tier1,completeness_vs_concision,PAIRED_RETENTION,0.926,0.902,0.948,500
qwen25_3b,locked,tier1,completeness_vs_concision,PAIRED_POR_C,0.5,0.5,0.5,463
qwen25_3b,locked,tier1,completeness_vs_concision,PAIRED_HHR,1.0,1.0,1.0,463
qwen25_3b,locked,tier1,completeness_vs_concision,PAIRED_RSR,0.0,0.0,0.0,463
qwen25_3b,locked,tier1,correctness_vs_fluency,PAIRED_RETENTION,0.11,0.082,0.138,500
qwen25_3b,locked,tier1,correctness_vs_fluency,PAIRED_POR_C,0.5181818181818182,0.5,0.5454545454545454,55
qwen25_3b,locked,tier1,correctness_vs_fluency,PAIRED_HHR,0.9636363636363636,0.9090909090909091,1.0,55
qwen25_3b,locked,tier1,correctness_vs_fluency,PAIRED_RSR,0.03636363636363636,0.0,0.09090909090909091,55
qwen25_3b,locked,tier1,evidence_vs_confidence,PAIRED_RETENTION,0.51,0.466,0.554,500
qwen25_3b,locked,tier1,evidence_vs_confidence,PAIRED_POR_C,0.5,0.5,0.5,255
qwen25_3b,locked,tier1,evidence_vs_confidence,PAIRED_HHR,1.0,1.0,1.0,255
qwen25_3b,locked,tier1,evidence_vs_confidence,PAIRED_RSR,0.0,0.0,0.0,255
qwen25_3b,locked,tier1,safety_vs_helpfulness,PAIRED_RETENTION,1.0,1.0,1.0,500
qwen25_3b,locked,tier1,safety_vs_helpfulness,PAIRED_POR_C,0.5,0.5,0.5,500
qwen25_3b,locked,tier1,safety_vs_helpfulness,PAIRED_HHR,1.0,1.0,1.0,500
qwen25_3b,locked,tier1,safety_vs_helpfulness,PAIRED_RSR,0.0,0.0,0.0,500
qwen25_3b,locked,tier1,substance_vs_format,PAIRED_RETENTION,0.206,0.17,0.242,500
qwen25_3b,locked,tier1,substance_vs_format,PAIRED_POR_C,0.5,0.5,0.5,103
qwen25_3b,locked,tier1,substance_vs_format,PAIRED_HHR,1.0,1.0,1.0,103
qwen25_3b,locked,tier1,substance_vs_format,PAIRED_RSR,0.0,0.0,0.0,103
qwen25_3b,locked,tier2_llmbar,instruction_following_vs_surface_quality,PAIRED_RETENTION,0.16,0.125,0.1975,400
qwen25_3b,locked,tier2_llmbar,instruction_following_vs_surface_quality,PAIRED_POR_C,0.5,0.5,0.5,64
qwen25_3b,locked,tier2_llmbar,instruction_following_vs_surface_quality,PAIRED_HHR,1.0,1.0,1.0,64
qwen25_3b,locked,tier2_llmbar,instruction_following_vs_surface_quality,PAIRED_RSR,0.0,0.0,0.0,64
qwen25_7b,conflict_audit,tier1,citation_vs_informativeness,PAIRED_RETENTION,0.782,0.746,0.818,500
qwen25_7b,conflict_audit,tier1,citation_vs_informativeness,PAIRED_POR_C,0.5,0.5,0.5,391
qwen25_7b,conflict_audit,tier1,citation_vs_informativeness,PAIRED_HHR,1.0,1.0,1.0,391
qwen25_7b,conflict_audit,tier1,citation_vs_informativeness,PAIRED_RSR,0.0,0.0,0.0,391
qwen25_7b,conflict_audit,tier1,completeness_vs_concision,PAIRED_RETENTION,0.7,0.66,0.74,500
qwen25_7b,conflict_audit,tier1,completeness_vs_concision,PAIRED_POR_C,0.5,0.5,0.5,350
qwen25_7b,conflict_audit,tier1,completeness_vs_concision,PAIRED_HHR,1.0,1.0,1.0,350
qwen25_7b,conflict_audit,tier1,completeness_vs_concision,PAIRED_RSR,0.0,0.0,0.0,350
qwen25_7b,conflict_audit,tier1,correctness_vs_fluency,PAIRED_RETENTION,0.478,0.434,0.522,500
qwen25_7b,conflict_audit,tier1,correctness_vs_fluency,PAIRED_POR_C,0.5104602510460251,0.502092050209205,0.5209205020920502,239
qwen25_7b,conflict_audit,tier1,correctness_vs_fluency,PAIRED_HHR,0.9790794979079498,0.9581589958158996,0.99581589958159,239
qwen25_7b,conflict_audit,tier1,correctness_vs_fluency,PAIRED_RSR,0.02092050209205021,0.0041841004184100415,0.04184100418410042,239
qwen25_7b,conflict_audit,tier1,evidence_vs_confidence,PAIRED_RETENTION,0.994,0.986,1.0,500
qwen25_7b,conflict_audit,tier1,evidence_vs_confidence,PAIRED_POR_C,0.5,0.5,0.5,497
qwen25_7b,conflict_audit,tier1,evidence_vs_confidence,PAIRED_HHR,1.0,1.0,1.0,497
qwen25_7b,conflict_audit,tier1,evidence_vs_confidence,PAIRED_RSR,0.0,0.0,0.0,497
qwen25_7b,conflict_audit,tier1,safety_vs_helpfulness,PAIRED_RETENTION,1.0,1.0,1.0,500
qwen25_7b,conflict_audit,tier1,safety_vs_helpfulness,PAIRED_POR_C,0.5,0.5,0.5,500
qwen25_7b,conflict_audit,tier1,safety_vs_helpfulness,PAIRED_HHR,1.0,1.0,1.0,500
qwen25_7b,conflict_audit,tier1,safety_vs_helpfulness,PAIRED_RSR,0.0,0.0,0.0,500
qwen25_7b,conflict_audit,tier1,substance_vs_format,PAIRED_RETENTION,0.542,0.498,0.586,500
qwen25_7b,conflict_audit,tier1,substance_vs_format,PAIRED_POR_C,0.514760147601476,0.5055350553505535,0.525830258302583,271
qwen25_7b,conflict_audit,tier1,substance_vs_format,PAIRED_HHR,0.9704797047970479,0.948339483394834,0.988929889298893,271
qwen25_7b,conflict_audit,tier1,substance_vs_format,PAIRED_RSR,0.02952029520295203,0.01107011070110701,0.05166051660516605,271
qwen25_7b,conflict_audit,tier2_llmbar,instruction_following_vs_surface_quality,PAIRED_RETENTION,0.635,0.585,0.6825,400
qwen25_7b,conflict_audit,tier2_llmbar,instruction_following_vs_surface_quality,PAIRED_POR_C,0.5,0.5,0.5,254
qwen25_7b,conflict_audit,tier2_llmbar,instruction_following_vs_surface_quality,PAIRED_HHR,1.0,1.0,1.0,254
qwen25_7b,conflict_audit,tier2_llmbar,instruction_following_vs_surface_quality,PAIRED_RSR,0.0,0.0,0.0,254
qwen25_7b,context_forward,tier1,citation_vs_informativeness,PAIRED_RETENTION,0.0,0.0,0.0,250
qwen25_7b,context_forward,tier1,citation_vs_informativeness,PAIRED_POR_C,,,,0
qwen25_7b,context_forward,tier1,citation_vs_informativeness,PAIRED_HHR,,,,0
qwen25_7b,context_forward,tier1,citation_vs_informativeness,PAIRED_RSR,,,,0
qwen25_7b,context_forward,tier1,completeness_vs_concision,PAIRED_RETENTION,0.0,0.0,0.0,250
qwen25_7b,context_forward,tier1,completeness_vs_concision,PAIRED_POR_C,,,,0
qwen25_7b,context_forward,tier1,completeness_vs_concision,PAIRED_HHR,,,,0
qwen25_7b,context_forward,tier1,completeness_vs_concision,PAIRED_RSR,,,,0
qwen25_7b,context_forward,tier1,correctness_vs_fluency,PAIRED_RETENTION,0.284,0.228,0.344,250
qwen25_7b,context_forward,tier1,correctness_vs_fluency,PAIRED_POR_C,0.7464788732394366,0.6901408450704225,0.8028169014084507,71
qwen25_7b,context_forward,tier1,correctness_vs_fluency,PAIRED_HHR,0.5070422535211268,0.39436619718309857,0.6197183098591549,71
qwen25_7b,context_forward,tier1,correctness_vs_fluency,PAIRED_RSR,0.49295774647887325,0.38028169014084506,0.6056338028169014,71
qwen25_7b,context_forward,tier1,evidence_vs_confidence,PAIRED_RETENTION,0.988,0.972,1.0,250
qwen25_7b,context_forward,tier1,evidence_vs_confidence,PAIRED_POR_C,0.5,0.5,0.5,247
qwen25_7b,context_forward,tier1,evidence_vs_confidence,PAIRED_HHR,1.0,1.0,1.0,247
qwen25_7b,context_forward,tier1,evidence_vs_confidence,PAIRED_RSR,0.0,0.0,0.0,247
qwen25_7b,context_forward,tier1,safety_vs_helpfulness,PAIRED_RETENTION,1.0,1.0,1.0,250
qwen25_7b,context_forward,tier1,safety_vs_helpfulness,PAIRED_POR_C,0.5,0.5,0.5,250
qwen25_7b,context_forward,tier1,safety_vs_helpfulness,PAIRED_HHR,1.0,1.0,1.0,250
qwen25_7b,context_forward,tier1,safety_vs_helpfulness,PAIRED_RSR,0.0,0.0,0.0,250
qwen25_7b,context_forward,tier1,substance_vs_format,PAIRED_RETENTION,0.488,0.424,0.548,250
qwen25_7b,context_forward,tier1,substance_vs_format,PAIRED_POR_C,0.5942622950819673,0.5614754098360656,0.6311475409836066,122
qwen25_7b,context_forward,tier1,substance_vs_format,PAIRED_HHR,0.8114754098360656,0.7377049180327869,0.8770491803278688,122
qwen25_7b,context_forward,tier1,substance_vs_format,PAIRED_RSR,0.1885245901639344,0.12295081967213115,0.26229508196721313,122
qwen25_7b,context_forward,tier2_llmbar,instruction_following_vs_surface_quality,PAIRED_RETENTION,0.52,0.45,0.59,200
qwen25_7b,context_forward,tier2_llmbar,instruction_following_vs_surface_quality,PAIRED_POR_C,0.5,0.5,0.5,104
qwen25_7b,context_forward,tier2_llmbar,instruction_following_vs_surface_quality,PAIRED_HHR,1.0,1.0,1.0,104
qwen25_7b,context_forward,tier2_llmbar,instruction_following_vs_surface_quality,PAIRED_RSR,0.0,0.0,0.0,104
qwen25_7b,decomposed,tier1,citation_vs_informativeness,PAIRED_RETENTION,0.0,0.0,0.0,250
qwen25_7b,decomposed,tier1,citation_vs_informativeness,PAIRED_POR_C,,,,0
qwen25_7b,decomposed,tier1,citation_vs_informativeness,PAIRED_HHR,,,,0
qwen25_7b,decomposed,tier1,citation_vs_informativeness,PAIRED_RSR,,,,0
qwen25_7b,decomposed,tier1,completeness_vs_concision,PAIRED_RETENTION,0.0,0.0,0.0,250
qwen25_7b,decomposed,tier1,completeness_vs_concision,PAIRED_POR_C,,,,0
qwen25_7b,decomposed,tier1,completeness_vs_concision,PAIRED_HHR,,,,0
qwen25_7b,decomposed,tier1,completeness_vs_concision,PAIRED_RSR,,,,0
qwen25_7b,decomposed,tier1,correctness_vs_fluency,PAIRED_RETENTION,0.272,0.2199000000000001,0.328,250
qwen25_7b,decomposed,tier1,correctness_vs_fluency,PAIRED_POR_C,0.7573529411764706,0.6985294117647058,0.8161764705882353,68
qwen25_7b,decomposed,tier1,correctness_vs_fluency,PAIRED_HHR,0.4852941176470588,0.36764705882352944,0.6029411764705882,68
qwen25_7b,decomposed,tier1,correctness_vs_fluency,PAIRED_RSR,0.5147058823529411,0.39705882352941174,0.6323529411764706,68
qwen25_7b,decomposed,tier1,evidence_vs_confidence,PAIRED_RETENTION,0.984,0.968,0.996,250
qwen25_7b,decomposed,tier1,evidence_vs_confidence,PAIRED_POR_C,0.5,0.5,0.5,246
qwen25_7b,decomposed,tier1,evidence_vs_confidence,PAIRED_HHR,1.0,1.0,1.0,246
qwen25_7b,decomposed,tier1,evidence_vs_confidence,PAIRED_RSR,0.0,0.0,0.0,246
qwen25_7b,decomposed,tier1,safety_vs_helpfulness,PAIRED_RETENTION,1.0,1.0,1.0,250
qwen25_7b,decomposed,tier1,safety_vs_helpfulness,PAIRED_POR_C,0.5,0.5,0.5,250
qwen25_7b,decomposed,tier1,safety_vs_helpfulness,PAIRED_HHR,1.0,1.0,1.0,250
qwen25_7b,decomposed,tier1,safety_vs_helpfulness,PAIRED_RSR,0.0,0.0,0.0,250
qwen25_7b,decomposed,tier1,substance_vs_format,PAIRED_RETENTION,0.464,0.404,0.524,250
qwen25_7b,decomposed,tier1,substance_vs_format,PAIRED_POR_C,0.5689655172413793,0.5387931034482759,0.5991379310344828,116
qwen25_7b,decomposed,tier1,substance_vs_format,PAIRED_HHR,0.8620689655172413,0.8017241379310345,0.9224137931034483,116
qwen25_7b,decomposed,tier1,substance_vs_format,PAIRED_RSR,0.13793103448275862,0.07758620689655173,0.19827586206896552,116
qwen25_7b,decomposed,tier2_llmbar,instruction_following_vs_surface_quality,PAIRED_RETENTION,0.515,0.445,0.585,200
qwen25_7b,decomposed,tier2_llmbar,instruction_following_vs_surface_quality,PAIRED_POR_C,0.5,0.5,0.5,103
qwen25_7b,decomposed,tier2_llmbar,instruction_following_vs_surface_quality,PAIRED_HHR,1.0,1.0,1.0,103
qwen25_7b,decomposed,tier2_llmbar,instruction_following_vs_surface_quality,PAIRED_RSR,0.0,0.0,0.0,103
qwen25_7b,direct,tier1,citation_vs_informativeness,PAIRED_RETENTION,0.0,0.0,0.0,500
qwen25_7b,direct,tier1,citation_vs_informativeness,PAIRED_POR_C,,,,0
qwen25_7b,direct,tier1,citation_vs_informativeness,PAIRED_HHR,,,,0
qwen25_7b,direct,tier1,citation_vs_informativeness,PAIRED_RSR,,,,0
qwen25_7b,direct,tier1,completeness_vs_concision,PAIRED_RETENTION,0.014,0.004,0.024049999999999273,500
qwen25_7b,direct,tier1,completeness_vs_concision,PAIRED_POR_C,1.0,1.0,1.0,7
qwen25_7b,direct,tier1,completeness_vs_concision,PAIRED_HHR,0.0,0.0,0.0,7
qwen25_7b,direct,tier1,completeness_vs_concision,PAIRED_RSR,1.0,1.0,1.0,7
qwen25_7b,direct,tier1,correctness_vs_fluency,PAIRED_RETENTION,0.444,0.4,0.488,500
qwen25_7b,direct,tier1,correctness_vs_fluency,PAIRED_POR_C,0.5900900900900901,0.5653153153153153,0.6171171171171171,222
qwen25_7b,direct,tier1,correctness_vs_fluency,PAIRED_HHR,0.8198198198198198,0.7657657657657657,0.8693693693693694,222
qwen25_7b,direct,tier1,correctness_vs_fluency,PAIRED_RSR,0.18018018018018017,0.13063063063063063,0.23423423423423423,222
qwen25_7b,direct,tier1,evidence_vs_confidence,PAIRED_RETENTION,0.996,0.99,1.0,500
qwen25_7b,direct,tier1,evidence_vs_confidence,PAIRED_POR_C,0.5,0.5,0.5,498
qwen25_7b,direct,tier1,evidence_vs_confidence,PAIRED_HHR,1.0,1.0,1.0,498
qwen25_7b,direct,tier1,evidence_vs_confidence,PAIRED_RSR,0.0,0.0,0.0,498
qwen25_7b,direct,tier1,safety_vs_helpfulness,PAIRED_RETENTION,1.0,1.0,1.0,500
qwen25_7b,direct,tier1,safety_vs_helpfulness,PAIRED_POR_C,0.5,0.5,0.5,500
qwen25_7b,direct,tier1,safety_vs_helpfulness,PAIRED_HHR,1.0,1.0,1.0,500
qwen25_7b,direct,tier1,safety_vs_helpfulness,PAIRED_RSR,0.0,0.0,0.0,500
qwen25_7b,direct,tier1,substance_vs_format,PAIRED_RETENTION,0.602,0.56,0.644,500
qwen25_7b,direct,tier1,substance_vs_format,PAIRED_POR_C,0.5116279069767442,0.5049418604651162,0.5199335548172758,301
qwen25_7b,direct,tier1,substance_vs_format,PAIRED_HHR,0.9767441860465116,0.9601328903654485,0.9901162790697663,301
qwen25_7b,direct,tier1,substance_vs_format,PAIRED_RSR,0.023255813953488372,0.009883720930232633,0.03986710963455149,301
qwen25_7b,direct,tier2_llmbar,instruction_following_vs_surface_quality,PAIRED_RETENTION,0.63,0.5825,0.6775,400
qwen25_7b,direct,tier2_llmbar,instruction_following_vs_surface_quality,PAIRED_POR_C,0.501984126984127,0.5,0.5059523809523809,252
qwen25_7b,direct,tier2_llmbar,instruction_following_vs_surface_quality,PAIRED_HHR,0.996031746031746,0.9880952380952381,1.0,252
qwen25_7b,direct,tier2_llmbar,instruction_following_vs_surface_quality,PAIRED_RSR,0.003968253968253968,0.0,0.011904761904761904,252
qwen25_7b,locked,tier1,citation_vs_informativeness,PAIRED_RETENTION,0.0,0.0,0.0,500
qwen25_7b,locked,tier1,citation_vs_informativeness,PAIRED_POR_C,,,,0
qwen25_7b,locked,tier1,citation_vs_informativeness,PAIRED_HHR,,,,0
qwen25_7b,locked,tier1,citation_vs_informativeness,PAIRED_RSR,,,,0
qwen25_7b,locked,tier1,completeness_vs_concision,PAIRED_RETENTION,0.356,0.314,0.398,500
qwen25_7b,locked,tier1,completeness_vs_concision,PAIRED_POR_C,0.9691011235955056,0.949438202247191,0.9859550561797753,178
qwen25_7b,locked,tier1,completeness_vs_concision,PAIRED_HHR,0.06179775280898876,0.028089887640449437,0.10112359550561797,178
qwen25_7b,locked,tier1,completeness_vs_concision,PAIRED_RSR,0.9382022471910112,0.898876404494382,0.9719101123595506,178
qwen25_7b,locked,tier1,correctness_vs_fluency,PAIRED_RETENTION,0.438,0.396,0.482,500
qwen25_7b,locked,tier1,correctness_vs_fluency,PAIRED_POR_C,0.5547945205479452,0.5342465753424658,0.5753424657534246,219
qwen25_7b,locked,tier1,correctness_vs_fluency,PAIRED_HHR,0.8904109589041096,0.8493150684931506,0.9315068493150684,219
qwen25_7b,locked,tier1,correctness_vs_fluency,PAIRED_RSR,0.1095890410958904,0.0684931506849315,0.1506849315068493,219
qwen25_7b,locked,tier1,evidence_vs_confidence,PAIRED_RETENTION,0.99,0.98,0.998,500
qwen25_7b,locked,tier1,evidence_vs_confidence,PAIRED_POR_C,0.5,0.5,0.5,495
qwen25_7b,locked,tier1,evidence_vs_confidence,PAIRED_HHR,1.0,1.0,1.0,495
qwen25_7b,locked,tier1,evidence_vs_confidence,PAIRED_RSR,0.0,0.0,0.0,495
qwen25_7b,locked,tier1,safety_vs_helpfulness,PAIRED_RETENTION,1.0,1.0,1.0,500
qwen25_7b,locked,tier1,safety_vs_helpfulness,PAIRED_POR_C,0.5,0.5,0.5,500
qwen25_7b,locked,tier1,safety_vs_helpfulness,PAIRED_HHR,1.0,1.0,1.0,500
qwen25_7b,locked,tier1,safety_vs_helpfulness,PAIRED_RSR,0.0,0.0,0.0,500
qwen25_7b,locked,tier1,substance_vs_format,PAIRED_RETENTION,0.542,0.498,0.586,500
qwen25_7b,locked,tier1,substance_vs_format,PAIRED_POR_C,0.5479704797047971,0.5313653136531366,0.566420664206642,271
qwen25_7b,locked,tier1,substance_vs_format,PAIRED_HHR,0.9040590405904059,0.8671586715867159,0.9372693726937269,271
qwen25_7b,locked,tier1,substance_vs_format,PAIRED_RSR,0.0959409594095941,0.06273062730627306,0.13284132841328414,271
qwen25_7b,locked,tier2_llmbar,instruction_following_vs_surface_quality,PAIRED_RETENTION,0.59,0.54,0.6375,400
qwen25_7b,locked,tier2_llmbar,instruction_following_vs_surface_quality,PAIRED_POR_C,0.5063559322033898,0.5,0.5148305084745762,236
qwen25_7b,locked,tier2_llmbar,instruction_following_vs_surface_quality,PAIRED_HHR,0.9872881355932204,0.9703389830508474,1.0,236
qwen25_7b,locked,tier2_llmbar,instruction_following_vs_surface_quality,PAIRED_RSR,0.012711864406779662,0.0,0.029661016949152543,236
